[{"form": "cream", "handling": "MSDS provides no information.", "product_name": "Yodora Deodorant Cream", "msds_date": "2001-09-04", "product_category": "Personal Care \u00bb deodorant \u00bb Personal Cleanliness Personal Care \u00bb deodorant \u00bb Personal Cleanliness", "disposal": "MSDS provides no information about disposal.", "manufacturer": "Numark Laboratories"}, {"reactivity_rating": -1, "manufacturer": "Monsanto Company", "health_rating": -1, "product_category": "Pesticides \u00bb grass, weed control/corn \u00bb Herbicide", "carcinogenicity": "From MSDS  None", "disposal": "From MSDS   ProductKeep out of drains, sewers, ditches and water ways.Recycle if appropriate facilities/equipment available.Burn in proper incinerator.Follow all local/regional/national/international regulations.ContainerSee the individual container label for disposal information.Emptied packages retain product residue and dust.Observe all labeled safeguards until container is cleaned, reconditioned or destroyed.", "product_name": "Yukon Herbicide (agricultural)", "form": "granules", "handling": "From MSDS   Good industrial practice in housekeeping and personal hygiene should be followed.HandlingAvoid contact with eyes, skin and clothing.Wash hands thoroughly after handling or contact.Wash hands before eating, drinking, chewing gum, using tobacco, or using the toilet.Wash contaminated clothing before re-use.Thoroughly clean equipment after use.Do not contaminate drains, sewers and water ways when disposing of equipment rinse water.Emptied containers retain vapor and product residue. Observe all labeled safeguards until container is cleaned, reconditioned or destroyed.", "acute_health_effects": "From MSDS Emergency overview CAUTION! CAUSES MODERATE EYE IRRITATION HARMFUL IF SWALLOWED Potential health effects Likely routes of exposure: Skin contact, eye contact, inhalation Eye contact, short term: May cause temporary eye irritation. Dust particles may cause slight eye irritation. Skin contact, short term: Not expected to produce significant adverse effects when recommended use instructions are followed. Inhalation, short term: Not expected to produce significant adverse effects when recommended use instructions are followed. Single ingestion: Harmful if swallowed. Medical conditions aggravated by exposure: A very small percentage of particularly sensitive people may suffer skin or respiratory reactions.", "flammability_rating": -1, "msds_date": "2002-02-28", "chronic_health_effects": "From MSDS    Not expected to produce significant adverse effects when recommended use instructions are followed."}, {"reactivity_rating": 0, "manufacturer": "Reckitt Benckiser, Inc.", "health_rating": 2, "product_category": "Inside the Home \u00bb laundry \u00bb Detergent Inside the Home \u00bb detergent \u00bb Laundry", "carcinogenicity": "Not listed as carcinogenic by OSHA, NTP or IARC.", "disposal": "Dispose of in accordance with local regulations. Empty container can be disposed of as household trash or rinsed and recycled where appropriate.", "product_name": "Yes Detergent Plus Bleach Alternative-06/01/2006-Old Product", "form": "liquid", "handling": "Handling: Avoid contact with eyes, skin and clothing. For occupational exposures wear appropriate eye and skin protection where the potential forsplashing exists.Safe handling advice: Avoid contact with eyes and skin. Storage: Store in a secure, cool location, inaccessible to children and petsKEEP OUT OF REACH OF CHILDREN", "acute_health_effects": "From MSDS EMERGENCY OVERVIEW CAUTION: May cause eye and skin irritation. Avoid contact with eyes, skin or clothing. DO NOT treat garment while wearing. Contains ethoxylated alcohol and sulfonic acid. KEEP OUT OF REACH OF CHILDREN Skin irritation: May cause skin irritation Avoid skin contact.Eye irritation: May cause eye irritation. Avoid eye contact.Inhalation: None expected during normal conditions of use.Ingestion: May be harmful if swallowed. Sensitization: Not expected to be a skin sensitizer.", "flammability_rating": 0, "msds_date": "2006-06-01", "chronic_health_effects": "From MSDS No information."}, {"reactivity_rating": 0, "manufacturer": "Reckitt Benckiser, Inc.", "health_rating": 1, "product_category": "Inside the Home \u00bb laundry \u00bb Cleaner Inside the Home \u00bb detergent/soap \u00bb Laundry Inside the Home \u00bb laundry \u00bb Detergent", "carcinogenicity": "The product contains no listed carcinogens.", "disposal": "Dispose of in accordance with local, state and federal regulations.", "product_name": "Yes Plus Bleach Laundry Detergent-06/16/2000-Old Product", "form": "liquid", "handling": "Keep out of reach of children. Product is an eye irritant, avoid contact with eyes. Store in original container in secure area inaccessible to children. Keep from freezing.", "acute_health_effects": "From MSDS:Inhalation: None known. Skin Contact: None expected under normal use conditions. May cause mild skin irritation upon prolonged or repeated contact. Eye Contact: May cause eye irritation. Ingestion: None known.", "flammability_rating": 0, "msds_date": "2000-06-16", "chronic_health_effects": "From MSDS:MSDS provides no information about chronic health effects resulting from prolonged or frequent use of this product."}, {"reactivity_rating": 1, "manufacturer": "Reckitt Benckiser, Inc.", "health_rating": 1, "product_category": "Inside the Home \u00bb laundry \u00bb Cleaner Inside the Home \u00bb laundry \u00bb Detergent Inside the Home \u00bb detergent/soap \u00bb Laundry", "carcinogenicity": "The product contains no listed carcinogens.", "disposal": "Small (household) quantities of product may be disposed of via sewer. Flush with a large quantity of water. Dispose of empty container in trash.", "product_name": "Yes Plus Bleach Laundry Detergent-Old Product", "form": "liquid", "handling": "Keep out of reach of children. Product is an eye irritant, avoid contact with eyes. Harmful if swallowed. Do not mix in used laundry detergent bottles or with other liquid laundry detergents or with alkaline materials, as this could result in a pressure build-up. Avoid contact with brass, iron, steel, copper and copper-based alloys. Flame retardant fabrics may require special washing care. Always follow garment care instructions. If label states ***No Bleach***, do not use this product.", "acute_health_effects": "From MSDS:Inhalation: No effects from inhalation are listed in the manufacturer's Material Safety Data Sheet. Skin Contact: Prolonged contact with any sensitive parts of the body may cause skin irritation. Eye Contact: May cause eye irritation. Ingestion: No effects from ingestion are listed in the manufacturer's Material Safety Data Sheet.", "flammability_rating": 0, "msds_date": "1993-10-21", "chronic_health_effects": "From MSDS:MSDS provides no information about chronic health effects resulting from prolonged or frequent use of this product. Because the MSDS does not list all of the actual chemical ingredients, chronic effects cannot be accurately predicted. (For a fur"}, {"reactivity_rating": 0, "manufacturer": "Reckitt Benckiser, Inc.", "health_rating": 1, "product_category": "Inside the Home \u00bb detergent/soap \u00bb Laundry Inside the Home \u00bb laundry \u00bb Detergent Inside the Home \u00bb laundry \u00bb Cleaner", "carcinogenicity": "From MSDS  The product contains no listed carcinogens.", "disposal": "From MSDS    Dispose of in accordance with local, state and federal regulations.", "product_name": "Yes Plus Fabric Softener Laundry Detergent-11/30/2000-Old Product", "form": "liquid", "handling": "From MSDS   Caution: Eye irritant. Avoid eye contact. Keep from freezing. Store in original container in secure area inaccessible to children. Keep out of reach of children.", "acute_health_effects": "From MSDS Inhalation: None known. Skin Contact: Not a primary skin irritant. Eye Contact: Eye irritant. Ingestion: None known.", "flammability_rating": 0, "msds_date": "2000-11-30", "chronic_health_effects": "From MSDS   MSDS provides no information about chronic health effects resulting from prolonged or frequent use of this product."}, {"reactivity_rating": 0, "manufacturer": "Reckitt Benckiser, Inc.", "health_rating": 0, "product_category": "Inside the Home \u00bb laundry \u00bb Cleaner Inside the Home \u00bb laundry \u00bb Detergent Inside the Home \u00bb detergent/soap \u00bb Laundry", "carcinogenicity": "The product contains no listed carcinogens.", "disposal": "Small (household) quantities of product may be disposed of via sewer. Flush with a large quantity of water. Dispose of empty container in trash.", "product_name": "Yes Plus Fabric Softener Laundry Detergent-Old Product", "form": "liquid", "handling": "Keep out of reach of children. Product is an eye irritant, avoid contact with eyes. Flame retardant fabrics may require special washing care to preserve flame retardancy. Check the garment's label for proper care and test hidden area for colorfastness. Store in a cool place.", "acute_health_effects": "From MSDS:Inhalation: Unlikely to occur because of the physical nature of the product. No effects listed in the manufacturer's Material Safety Data Sheet. Skin Contact: May cause transient irritation on prolonged contact. Eye Contact: Causes transient eye irritation. Ingestion: No effects listed in the manufacturer's Material Safety Data Sheet.", "flammability_rating": 0, "msds_date": "1993-10-21", "chronic_health_effects": "From MSDS:MSDS provides no information about chronic health effects resulting from prolonged or frequent use of this product. (For a further discussion of potential health effects of the chemical ingredients listed on the label or mentioned as hazardous i"}]