[{"reactivity_rating": -1, "manufacturer": "WD 40 Company", "health_rating": 3, "product_category": "Commercial / Institutional \u00bb washroom \u00bb Cleaner Commercial / Institutional \u00bb washroom \u00bb Hard Surface Cleaner Inside the Home \u00bb remover \u00bb Mildew", "carcinogenicity": "None of the components are listed as a carcinogen or suspect carcinogen by IARC, NTP, ACGIH or OSHA.", "disposal": "Dispose off in accordance with federal, state, and local regulations.", "product_name": "X-14 Professional The Bathroom X-pert Mildew Stain Remover, Pump Spray-07/23/2014", "form": "pump spray", "handling": "Avoid contact with product. Avoid breathing vapors or mists. Use with adequate ventilation. Keep container closed when not in use. Immediately remove any contaminated clothing and launder before reuse. Wash thoroughly after use. Keep out of the reach of children. Do not use with any other cleaning agents or household chemicals, including ammonia, acids, toilet bowl cleaners or vinegar. Dangerous reactions may occur. Store in a cool, dry area, away from incompatible materials.", "acute_health_effects": "From SDS:  Hazards Identification  Potential Health Effects  Eye Contact: Direct contact will cause severe irritation, pain, burns and possible permanent eye damage.  Skin Contact: Direct contact with liquid may cause severe irritation and possible burns.  Inhalation: High concentrations may cause severe nasal and respiratory irritation and burns. Intentional abuse may be harmful or fatal.  Ingestion: Ingestion will cause immediate and severe burns of the mucous membranes of the mouth and gastrointestinal tract.  Signs and Symptoms of Exposure: Causes severe irritation and burns to the eyes, skin, mouth and gastrointestinal tract. May be fatal if swallowed. Inhalation of mists may cause severe irritation and burns to respiratory tract.", "flammability_rating": 0, "msds_date": "2014-07-23", "chronic_health_effects": "From SDS:  None expected."}, {"reactivity_rating": -1, "manufacturer": "WD 40 Company", "health_rating": 3, "product_category": "Inside the Home \u00bb cleaner \u00bb Toilet Bowl Inside the Home \u00bb toilet bowl \u00bb Hard Surface Cleaner Inside the Home \u00bb toilet bowl \u00bb Cleaner", "carcinogenicity": "None of the components are listed as a carcinogen or suspect carcinogen by IARC, NTP, ACGIH or OSHA.", "disposal": "Discard empty container in trash. If tablet must be removed before it is completely dissolved, flush toilet and before tank refills, remove from tank (wear gloves). Place in plastic bag. Avoid dripping. If this product becomes a waste, it would be expected to meet the criteria of a RCRA ignitable hazardous waste (D001). However, it is the responsibility of the generator to determine at the time of disposal the proper classification and method of disposal. Dispose in accordance with federal, state, and local regulations.", "product_name": "X-14 The Bathroom Expert Antibacterial Toilet Bowl Cleaner-08/06/2014", "form": "solid", "handling": "Do not touch tablet. Avoid breathing dust from product. Do not get in eyes, on skin or clothing. Wear rubber gloves when handling. Wash thoroughly after use. DO NOT mix with anything other than water. Keep Bleach Tablets away from flammable and combustible materials. Keep away from heat, sparks, pilot lights, hot surfaces and open flames. Keep out of the reach of children. Store in original container in areas inaccessible to children in a cool, dry, well- ventilated area. Do not store at elevated temperatures. Avoid heat and direct sunlight.", "acute_health_effects": "From SDS:  Hazards Identification  Potential Health Effects  Eye Contact: Bleach Tablets are corrosive. Direct contact will cause severe irritation, pain, burns and possible permanent eye damage.  Skin Contact: Bleach Tablets are corrosive. Direct contact with bleach tablet may cause severe irritation and possible burns. Repeated skin contact may result in sensitization with swelling and rash.  Inhalation: Inhalation is not a normal route of exposure for this product. If dust from Bleach Tablets is inhaled, severe irritation of the nose, mouth and upper respiratory tract would be expected. May aggravate existing respiratory conditions such as asthma.  Ingestion: Bleach Tablets are corrosive and will cause immediate and severe burns of the mucous membranes of the mouth and gastrointestinal tract. May be fatal if swallowed.  Signs and Symptoms of Exposure: Bleach tablets are corrosive and may cause burns to the eyes, skin, mouth and gastrointestinal tract. May be fatal if swallowed. Repeated exposure may cause an allergic skin reaction (sensitization).", "flammability_rating": 0, "msds_date": "2014-08-06", "chronic_health_effects": "From SDS:  None currently known."}, {"reactivity_rating": -1, "manufacturer": "WD 40 Company", "health_rating": 2, "product_category": "Inside the Home \u00bb cleaner \u00bb Toilet Bowl Inside the Home \u00bb toilet bowl \u00bb Hard Surface Cleaner Inside the Home \u00bb toilet bowl \u00bb Cleaner", "carcinogenicity": "None of the components are listed as a carcinogen or suspect carcinogen by IARC, NTP, ACGIH or OSHA.", "disposal": "Dispose off in accordance with federal, state, and local regulations.", "product_name": "X-14 The Bathroom X-pert Automatic Toilet Bowl Cleaner, Blue Plus Fragrance-07/28/2014", "form": "solid", "handling": "Avoid direct contact with product. Avoid breathing dust from product. Wash thoroughly after use. Keep out of the reach of children. Store in a cool, dry area away from heat and direct sunlight.", "acute_health_effects": "From SDS:  Hazards Identification  Potential Health Effects  Eye Contact: Direct contact may cause moderate irritation to eyes.  Skin Contact: May cause moderate irritation to skin.  Inhalation: Inhalation is not a normal route of exposure for this product. If dust from product is inhaled irritation of the nose, mouth and upper respiratory tract would be expected. May aggravate existing respiratory conditions such as asthma.  Ingestion: May cause irritation to the mouth and gastrointestinal tract. May cause abdominal pain, nausea and vomiting.  Signs and Symptoms of Exposure: May cause moderate eye and skin irritation. Inhalation of dust may cause nose, throat, and upper respiratory tract irritation.", "flammability_rating": 0, "msds_date": "2014-07-28", "chronic_health_effects": "From SDS:  None currently known."}, {"reactivity_rating": -1, "manufacturer": "WD 40 Company", "health_rating": 3, "product_category": "Inside the Home \u00bb remover \u00bb Mildew Inside the Home \u00bb mildew remover \u00bb Bathroom", "carcinogenicity": "None of the components are listed as a carcinogen or suspect carcinogen by IARC, NTP, ACGIH or OSHA.", "disposal": "Dispose off in accordance with federal, state, and local regulations.", "product_name": "X-14 The Bathroom X-pert Mildew Stain Remover, Pump Spray-07/23/2014", "form": "pump spray", "handling": "Avoid contact with product. Avoid breathing vapors or mists. Use with adequate ventilation. Keep container closed when not in use. Immediately remove any contaminated clothing and launder before reuse. Wash thoroughly after use. Keep out of the reach of children. Do not use with any other cleaning agents or household chemicals, including ammonia, acids, toilet bowl cleaners or vinegar. Dangerous reactions may occur. Store in a cool, dry area, away from incompatible materials.", "acute_health_effects": "From SDS:  Hazards Identification  Potential Health Effects  Eye Contact: Direct contact will cause severe irritation, pain, burns and possible permanent eye damage.  Skin Contact: Direct contact with liquid may cause severe irritation and possible burns.  Inhalation: High concentrations may cause severe nasal and respiratory irritation and burns. Intentional abuse may be harmful or fatal.  Ingestion: Ingestion will cause immediate and severe burns of the mucous membranes of the mouth and gastrointestinal tract.  Signs and Symptoms of Exposure: Causes severe irritation and burns to the eyes, skin, mouth and gastrointestinal tract. May be fatal if swallowed. Inhalation of mists may cause severe irritation and burns to respiratory tract.", "flammability_rating": 0, "msds_date": "2014-07-23", "chronic_health_effects": "From SDS:  None expected."}, {"reactivity_rating": 0, "manufacturer": "Weatherly Consumer Products", "health_rating": 1, "product_category": "Pet Care \u00bb repellent \u00bb Cats Pet Care \u00bb repellent \u00bb Dogs Pet Care \u00bb repellent \u00bb Animal Repellent", "carcinogenicity": "NA", "disposal": "Bury material in EPA-approved landfill or burn in an incinerator approved for pesticide destruction.", "product_name": "XP 20 Dog & Cat Repellent Gel", "form": "gel", "handling": "Store in original container, in a dry place inaccessible to children and pets. Do not reuse empty container. Rinse thoroughly.", "acute_health_effects": "From MSDS:Inhalation: N/A. Eye Contact: May cause mechanical irritation and burning.Skin Contact: Wash contaminated skin promptly after use..Ingestion: None given Medical Conditions Generally Aggravated by Exposure: N/A. Effects of Overexposure: N/A", "flammability_rating": 0, "msds_date": "2000-10-16", "chronic_health_effects": "The manufacturers Material Safety Data Sheet provides no information about health effects resulting from prolonged or frequent use of this product. (For discussion of potential long-term health effects, consult the individual chemical ingredients in this"}, {"reactivity_rating": -1, "manufacturer": "Weatherly Consumer Products", "health_rating": -1, "product_category": "Pet Care \u00bb repellent \u00bb Cats Pet Care \u00bb repellent \u00bb Dogs Pet Care \u00bb repellent \u00bb Animal Repellent", "carcinogenicity": "NA", "disposal": "Bury absorbed material in EPA-approved landfill or burn in an incinerator approved for pesticide destruction.", "product_name": "XP 20 Dog & Cat Repellent Spray", "form": "pump spray", "handling": "Harmful if swallowed. Avoid contact with eyes and skin. Avoid contamination of feed or foodstuffs. Store in original container, in a dry place inaccessible to children and pets. Do not reuse empty container. Rinse thoroughly.", "acute_health_effects": "From MSDS:Inhalation: N/A. Eye Contact: May cause mechanical irritation and burning.Skin Contact: Wash contaminated skin promptly. Ingestion: None given Medical Conditions Generally Aggravated by Exposure: N/A.", "flammability_rating": -1, "msds_date": "1996-10-29", "chronic_health_effects": "The manufacturers Material Safety Data Sheet provides no information about health effects resulting from prolonged or frequent use of this product. (For discussion of potential long-term health effects, consult the individual chemical ingredients in this"}, {"form": "liquid", "handling": "MSDS provides no information.", "product_name": "Xtra Pine Liquid Kitchen Cleaner", "msds_date": "1996-08-21", "product_category": "Inside the Home \u00bb cleaner \u00bb Kitchen Inside the Home \u00bb kitchen \u00bb Cleaner", "disposal": "MSDS provides no information about disposal.", "manufacturer": "White Cap, Inc.-AlEn USA"}, {"reactivity_rating": -1, "manufacturer": "WD 40 Company", "health_rating": -1, "product_category": "Inside the Home \u00bb toilet bowl \u00bb Cleaner Inside the Home \u00bb cleaner \u00bb Toilet Bowl", "carcinogenicity": "Not considered to be a carcinogen by either OSHA, NTP, IARC, or ACGIH", "disposal": "Dispose of in compliance with all Federal, state and local laws and regulations.", "product_name": "X-14 Anti-Bacterial Toilet Bowl Cleaner-Old Product", "form": "tablet", "handling": "Avoid breathing dusts or particulates. Avoid skin and eye contact", "acute_health_effects": "From MSDS  HEALTH EFFECTS:  Harmful or fatal if ingested.  Corrosive to skin and eyes.  TARGET ORGANS: Skin and eyes", "flammability_rating": -1, "msds_date": "2004-12-01", "chronic_health_effects": "From MSDS  None known"}, {"form": "solid", "msds_date": "2006-11-01", "handling": "Avoid breathing dusts or particulates. Avoid skin and eye contact", "acute_health_effects": "From MSDS  Hazards Identification  Emergency Overview  Harmful or fatal if ingested. Corrosive to skin and eyes.  Potential Health Effects  Eye Contact: Corrrosive.  Skin Contact: Corrosive  Ingestion: Harmful or fatal if ingested.", "carcinogenicity": "Not considered to be a carcinogen by either OSHA, NTP, IARC, or ACGIH.", "product_name": "X-14 Automatic Toilet Bowl Cleaner with Bleach-11/01/2006-Old Product", "product_category": "Inside the Home \u00bb cleaner \u00bb Toilet Bowl Inside the Home \u00bb deodorizer \u00bb Toilet Bowl Inside the Home \u00bb toilet bowl \u00bb Hard Surface Cleaner", "chronic_health_effects": "From MSDS  None known.", "disposal": "Dispose of in compliance with all Federal, state and local laws and regulations.", "manufacturer": "WD 40 Company"}, {"form": "solid", "msds_date": "2006-11-01", "handling": "Avoid skin and eye contact", "acute_health_effects": "From MSDS  Hazards Identification  Potential Health Effects  Eye Contact: May cause irritation.  Skin Contact: May cause irritation.  Inhalation: Not applicable.  Ingestion: May produce gastrointestinal irritation, nausea, vomiting and diarrhea.", "carcinogenicity": "No information.", "product_name": "X-14 Automatic Toilet Bowl Cleaner, Blue plus Fragrance-11/01/2006-Old Product", "product_category": "Inside the Home \u00bb cleaner \u00bb Toilet Bowl Inside the Home \u00bb deodorizer \u00bb Toilet Bowl Inside the Home \u00bb toilet bowl \u00bb Hard Surface Cleaner", "chronic_health_effects": "From MSDS  None known.", "disposal": "Dispose of in compliance with all Federal, state and local laws and regulations.", "manufacturer": "WD 40 Company"}, {"reactivity_rating": -1, "manufacturer": "WD 40 Company", "health_rating": -1, "product_category": "Inside the Home \u00bb cleaner \u00bb Toilet Bowl Inside the Home \u00bb toilet bowl \u00bb Cleaner", "carcinogenicity": "Not considered to be a carcinogen by either OSHA, NTP, IARC, or ACGIH", "disposal": "Dispose of in compliance with all Federal, state and local laws and regulations.", "product_name": "X-14 Blue Plus Fragrance Automatic Toilet Bowl Cleaner-Old Product", "form": "tablet", "handling": "Avoid skin and eye contact. Store in cool, dry location away from heat sources.", "acute_health_effects": "From MSDS  EFFECTS OF OVEREXPOSURE:  SKIN: May cause irritation.  EYE: May cause irritation.  INHALATION: Not applicable.  INGESTION: May produce gastrointestinal irritation, nausea, vomiting and diarrhea.", "flammability_rating": -1, "msds_date": "2004-12-01", "chronic_health_effects": "From MSDS  None known"}, {"reactivity_rating": -1, "manufacturer": "WD 40 Company", "health_rating": -1, "product_category": "Inside the Home \u00bb bath and shower \u00bb Cleaner Inside the Home \u00bb cleaner \u00bb Bathroom", "carcinogenicity": "Not considered to be a carcinogen by either OSHA, NTP, IARC, or ACGIH", "disposal": "This product, as supplied, does not have any characteristics that would categorize it as hazardous waste.", "product_name": "X-14 Herbal Sparkling Shower Daily Shower Cleaner-Old Product", "form": "pump spray", "handling": "Keep container closed when not in use.", "acute_health_effects": "From MSDS HEALTH EFFECTS: No adverse effects are expected.", "flammability_rating": -1, "msds_date": "2005-04-01", "chronic_health_effects": "From MSDS None known"}, {"reactivity_rating": -1, "manufacturer": "WD 40 Company", "health_rating": -1, "product_category": "Inside the Home \u00bb remover \u00bb Mildew Inside the Home \u00bb mildew remover \u00bb Bathroom Inside the Home \u00bb cleaner \u00bb Bathroom", "carcinogenicity": "No information provided.", "disposal": "Do not reuse container. Dispose of in accordance with federal, state and local regulations.", "product_name": "X-14 Maximum Strength Mildew Stain Remover-Old Product", "form": "pump spray", "handling": "Avoid contact with eyes, contact lens or eyeglasses. Avoid contact with skin. Avoid breathing fumes. Do not store next to acids or heat source. Keep container tightly closed.", "acute_health_effects": "From MSDS  EFFECTS OF OVEREXPOSURE:  SKIN: May cause skin irritation.  EYE: Causes eye irritation.  INHALATION: Mist may be irritating to the upper respiratory tract. Not recommended for use by persons with heart conditions or chronic respiratory problems.  INGESTION: May cause gastrointestinal irritation, nausea, vomiting and diarrhea.", "flammability_rating": -1, "msds_date": "2004-12-01", "chronic_health_effects": "From MSDS  No information provided."}, {"reactivity_rating": 0, "manufacturer": "WD 40 Company", "health_rating": 2, "product_category": "Commercial / Institutional \u00bb washroom \u00bb Hard Surface Cleaner Inside the Home \u00bb remover \u00bb Mildew Inside the Home \u00bb mildew/mold \u00bb Hard Surface Cleaner", "disposal": "Dispose of in compliance with all Federal, state and local laws and regulations.", "product_name": "X-14 Mildew Stain Remover-12/16/2010-Old Product", "form": "pump spray", "handling": "Avoid contact with product. Avoid breathing vapors or mists. Use with adequate ventilation. Keep container closed when not in use. Immediately remove any contaminated clothing and launder before reuse. Wash thoroughly after use. Keep out of the reach of children. Do not use with any other cleaning agents or household chemicals, including ammonia, acids, toilet bowl cleaners or vinegar. Dangerous reactions may occur. Store in a cool, dry area, away from incompatible materials.", "acute_health_effects": "From MSDS  Hazards Identification  Emergency Overview  Eye Contact: Causes substantial but temporary eye injury with pain, tearing, swelling and redness.  Skin Contact: May cause irritation.  Inhalation: Breathing of vapors or mists may cause irritation to the eyes, mucous membranes of the throat and nose and upper respiratory tract. Not recommended for use per persons with heart conditions or chronic respiratory problems.  Ingestion: May cause irritation to the mouth and gastrointestinal tract. May cause abdominal pain, nausea and vomiting.  Medical Conditions Aggravated by Exposure: Pre-existing skin, heart and respiratory disorders.", "flammability_rating": 0, "msds_date": "2010-12-16", "chronic_health_effects": "From MSDS  None known."}, {"reactivity_rating": -1, "manufacturer": "WD 40 Company", "health_rating": -1, "product_category": "Inside the Home \u00bb bath and shower \u00bb Cleaner Inside the Home \u00bb cleaner \u00bb Bathroom", "carcinogenicity": "No information.", "disposal": "Dispose of in accordance with federal, state, and local regulations. Do not crush, puncture or incinerate containers.", "product_name": "X-14 Orange All-Purpose Bathroom Cleaner-Old Product", "form": "aerosol", "handling": "Avoid contact with eyes. Avoid prolonged contact with skin. If you use other X-14 products, do not mix with this product or spray both on surfaces at the same time. Rinse surfaces thoroughly between applications of different X-14 products.", "acute_health_effects": "From MSDSHEALTH HAZARDS:INGESTION: Swallowing is unlikely for an aerosol product. May produce mild gastrointestinal upset if ingested involving nausea, vomiting and diarrhea.EYES: Irritating to eyes. May cause redness, tearing and pain.SKIN: Prolonged contact may produce mild irritation.INHALATION: No adverse effects expected in otherwise healthy individual exposed to this product during normal use. Breathing large amounts of spray may result in nose and throat irritation. May aggravate existing respiratoryconditions such as asthma. Intentional abuse of aerosol products may be harmful or fatal.", "flammability_rating": -1, "msds_date": "2004-06-02", "chronic_health_effects": "From MSDS No information provided."}, {"reactivity_rating": -1, "manufacturer": "WD 40 Company", "health_rating": -1, "product_category": "Inside the Home \u00bb bath and shower \u00bb Cleaner Inside the Home \u00bb cleaner \u00bb Bathroom", "carcinogenicity": "No information.", "disposal": "Dispose of in accordance with federal, state, and local regulations. Do not crush, puncture or incinerate containers.", "product_name": "X-14 Oxy-Citrus All-Purpose Bathroom Cleaner-Old Product", "form": "pump spray", "handling": "Prevent contact with eyes. Avoid contact with skin and clothing. If you use other X-14 products, do not mix with this product or spray both on surfaces at the same time. Rinse surfaces thoroughly between applications of different X 14 products. Do not mix or use with other household cleaning products as toxic fumes may result. If such fumes occur, immediately move to fresh air. Wash thoroughly after handling.", "acute_health_effects": "From MSDSHEALTH HAZARDS:INGESTION: May produce gastrointestinal irritation and distention of the esophagus and stomach.EYES: Irritating to eyes. May cause redness, tearing and pain with possible eye injury.SKIN: Prolonged contact may produce mild irritation.INHALATION: No adverse effects expected in otherwise healthy individual exposed to this product during normal use. Breathing large amounts of spray or vapors may result in nose, throat and lung irritation. May aggravate existing respiratory conditions such as asthma.", "flammability_rating": -1, "msds_date": "2004-06-24", "chronic_health_effects": "From MSDS No information provided."}, {"reactivity_rating": -1, "manufacturer": "WD 40 Company", "health_rating": -1, "product_category": "Inside the Home \u00bb soap scum remover \u00bb Bathroom", "carcinogenicity": "Not considered to be a carcinogen by either OSHA, NTP, IARC, or ACGIH", "disposal": "This product, as supplied, does not have any characteristics that would categorize it as hazardous waste.", "product_name": "X-14 Soap Scum Remover Plus-12/01/2004-Old Product", "form": "pump spray", "handling": "Keep container closed when not in use.", "acute_health_effects": "From MSDS HEALTH EFFECTS: Causes eye irritation. May cause skin irritation. Mist may be irritating to upper respiratory tract. Ingestion may cause irritation to mouth and throat as well as nausea and vomiting. TARGET ORGANS: Eye", "flammability_rating": -1, "msds_date": "2004-12-01", "chronic_health_effects": "From MSDS None known"}, {"reactivity_rating": -1, "manufacturer": "WD 40 Company", "health_rating": -1, "product_category": "Inside the Home \u00bb tub/tile \u00bb Cleaner Inside the Home \u00bb cleaner \u00bb Tile Inside the Home \u00bb soap scum remover \u00bb Bathroom", "carcinogenicity": "The manufacturer's Material Safety Data Sheet (MSDS) does not state whether the ingredients are considered carcinogens or potential carcinogens.", "disposal": "Do not reuse container. Dispose of in accordance with federal, state, and local regulations.", "product_name": "X-14 Soap Scum Remover-Old Product", "form": "pump spray", "handling": "Avoid contact with skin and eyes. Keep tightly closed and out of reach of children. Do not mix with other X-14 products or other household products, strong acids, or allow to come in contact with organic halogen and nitro compounds, tin, zinc or aluminum.", "acute_health_effects": "From MSDS:Inhalation: Mist may be irritating to upper respiratory tract.Eye Contact: May cause irritation and, in cases of extreme exposure, damage to eye tissue. Skin Contact: May cause skin irritation. Ingestion: If swallowed, may cause irritation to the mucous membranes of the mouth, throat, esophagus and stomach. May also produce nausea and vomiting. Medical Conditions Generally Aggravated by Exposure: None given", "flammability_rating": -1, "msds_date": "1997-01-10", "chronic_health_effects": "From MSDS:None listed."}, {"reactivity_rating": 1, "manufacturer": "Alco Industries Companies", "health_rating": 2, "product_category": "Arts & Crafts \u00bb putty \u00bb Wood filler", "carcinogenicity": "From MSDS  Styrene is listed by IARC to be a possible carcinogen. Styrene studies have shown that styrene causes cancer in certain laboratory animals. However, there is insufficient evidence to conclude that styrene is a human carcinogen.", "disposal": "From MSDS    Dispose of in accordance with applicable federal, state, and local regulations.", "product_name": "XL Microcel Light Body Filler Putty-08/20/2001-Old Product", "form": "paste", "handling": "From MSDS    Use with adequate ventilation. Avoid contact with eyes and skin. Avoid breathing vapors. Do not store the product above 100 degrees F (38 degrees C). Do not flame, cut, braze weld or melt empty containers. Keep the product away from heat, open flame, and other sources of ignition. Avoid contact with strong acids, alkalis and oxidizers.", "acute_health_effects": "From MSDS Inhalation: Inhalation of vapors can cause nasal and respiratory irritation, dizziness, weakness, fatigue, nausea, headache, possible unconsciousness and/or asphyxiation. Aspiration of material into the lungs may result in chemical pneumonitis which can be fatal. Eye Contact: Contact with eyes can cause irritation, redness, tearing, blurred vision, and/or swelling. Skin Contact: Contact with skin can cause irritation (minor itching, burning and/or redness), dermatitis, and defatting. Product may be readily absorbed through the skin. Ingestion: Ingestion can cause gastrointestinal irritation, nausea, vomiting, and diarrhea.", "flammability_rating": 3, "msds_date": "2001-08-20", "chronic_health_effects": "From MSDS    Overexposure to this material has apparently been known to cause the following effects in lab animals: eye, skin, lung, and central nervous system damage. Trace amounts of some chemicals known to the State of California to cause cancer, birth"}, {"reactivity_rating": 2, "manufacturer": "Alco Industries Companies", "health_rating": 2, "product_category": "Home maintenance \u00bb filler \u00bb Wood Home maintenance \u00bb wood filler \u00bb Putty", "carcinogenicity": "From MSDS  Styrene is listed by IARC to be a possible carcinogen. Styrene studies have shown that styrene causes cancer in certain laboratory animals. However, there is insufficient evidence to conclude that styrene is a human carcinogen.", "disposal": "From MSDS    Dispose of in accordance with applicable federal, state, and local regulations.", "product_name": "XL Microcel Light Body Filler Putty-Old Product", "form": "paste", "handling": "From MSDS    Use with adequate ventilation. Avoid contact with eyes and skin. Avoid breathing vapors. Do not store the product above 100 degrees F (38 degrees C). Do not flame, cut, braze weld or melt empty containers. Keep the product away from heat, open flame, and other sources of ignition. Avoid contact with strong acids, alkalis and oxidizers.", "acute_health_effects": "From MSDS Inhalation: Inhalation of vapors can cause nasal and respiratory irritation, dizziness, weakness, fatigue, nausea, headache, possible unconsciousness and/or asphyxiation. Aspiration of material into the lungs may result in chemical pneumonitis which can be fatal. Eye Contact: Contact with eyes can cause irritation, redness, tearing, blurred vision, and/or swelling. Skin Contact: Contact with skin can cause irritation (minor itching, burning and/or redness), dermatitis, and defatting. Product may be readily absorbed through the skin. Ingestion: Ingestion can cause gastrointestinal irritation, nausea, vomiting, and diarrhea.", "flammability_rating": 3, "msds_date": "1995-08-15", "chronic_health_effects": "From MSDS    Overexposure to this material has apparently been known to cause the following effects in lab animals: eye, skin, lung, and central nervous system damage. Trace amounts of some chemicals known to the State of California to cause cancer, birth"}, {"reactivity_rating": 0, "manufacturer": "Barr & Co., Inc., W.M.", "health_rating": 2, "product_category": "Home maintenance \u00bb stripper \u00bb Paint", "carcinogenicity": "From MSDS  Ingredients in this product are not listed on California's Prop 65 list: ***Chemicals known to the State to cause cancer or reproductive toxicity.*** The components in this mixture are not listed as carcinogens by NTP, IARC and OSHA.", "disposal": "From MSDS    Dispose of in accordance with applicable federal, state, and local regulations.", "product_name": "Xylol Klean Strip Cleaner-Old Product", "form": "liquid", "handling": "From MSDS    Keep container tightly closed when not in use. Store in a cool, dry place. Do not store near flames or at elevated temperatures. Read carefully all cautions and directions on product label before use. Since empty container retains residue, follow all label warnings even after container is empty. Dispose of container according to all regulations. Do not reuse this container.", "acute_health_effects": "From MSDS Inhalation: Vapor harmful. May cause dizziness, headache, irritation of respiratory tract, weakness, drowsiness, depression of central nervous system, and watering of eyes. Severe overexposure may cause unconsciousness, anesthesia, irregular heartbeat, and death. Intentional misuse of this product by deliberately concentrating and inhaling can be harmful or fatal. Eye Contact: This material is an eye irritant. Skin Contact: May be absorbed through the skin. May cause irritation. Ingestion:  Harmful or fatal if swallowed. May cause nausea, vomiting, gastrointestinal irritation, and diarrhea. Diseases of the skin, liver, and kidneys may be aggravated by exposure to this product.", "flammability_rating": 3, "msds_date": "1992-07-20", "chronic_health_effects": "From MSDS    Reports have associated repeated and prolonged overexposure to solvents with neurological and other physiological damage. Prolonged or repeated contact may cause dermatitis. May cause skin irritation, permanent central nervous system changes,"}]